{
  "type": "glyphdata",
  "tutorid": "no_tutor",
  "tag": "no_tag",
  "version": "1.0.0",
  "time": "Aug 20, 2016 9:55:52 PM",
  "duration": 218,
  "recognizer": "SHAPEREC_ALPHANUM",
  "constraint": "",
  "stim": "'",
  "resp": "'",
  "gBounds": [
    232.60400390625,
    28.0,
    282.0,
    165.39593505859375
  ],
  "fBounds": [
    282.0,
    28.0,
    282.0,
    28.0
  ],
  "vBounds": [
    0,
    0,
    542,
    637
  ],
  "vOffset": [
    232.60400390625,
    28.0
  ],
  "gBase": 434.0,
  "fBase": 434.0,
  "strokes": [
    {
      "time": 1471730148275,
      "duration": 218,
      "stroke": [
        49.39599609375,
        0.0,
        0,
        49.39599609375,
        0.0,
        82,
        46.05859375,
        18.3624267578125,
        17,
        47.7314453125,
        30.0133056640625,
        17,
        48.39599609375,
        45.7071533203125,
        17,
        45.728515625,
        65.003173828125,
        17,
        35.72900390625,
        90.0009765625,
        17,
        22.046630859375,
        110.3563232421875,
        17,
        9.366455078125,
        128.0394287109375,
        17,
        0.0,
        137.39593505859375,
        17,
        0.0,
        137.39593505859375,
        0
      ]
    }
  ]
}