{
  "type": "glyphdata",
  "tutorid": "no_tutor",
  "tag": "no_tag",
  "version": "1.0.0",
  "time": "Aug 20, 2016 9:55:57 PM",
  "duration": 101,
  "recognizer": "SHAPEREC_ALPHANUM",
  "constraint": "",
  "stim": ".",
  "resp": ".",
  "gBounds": [
    269.0,
    417.0,
    272.0,
    418.0
  ],
  "fBounds": [
    269.0,
    417.0,
    269.0,
    417.0
  ],
  "vBounds": [
    0,
    0,
    542,
    637
  ],
  "vOffset": [
    269.0,
    417.0
  ],
  "gBase": 45.0,
  "fBase": 45.0,
  "strokes": [
    {
      "time": 1471730136219,
      "duration": 101,
      "stroke": [
        0.0,
        0.0,
        0,
        0.0,
        0.0,
        34,
        0.0,
        0.0,
        34,
        0.0,
        0.0,
        17,
        3.0,
        1.0,
        16,
        3.0,
        1.0,
        0
      ]
    }
  ]
}