{
  "type": "glyphdata",
  "tutorid": "no_tutor",
  "tag": "no_tag",
  "version": "1.0.0",
  "time": "Aug 20, 2016 9:56:04 PM",
  "duration": 228,
  "recognizer": "SHAPEREC_ALPHANUM",
  "constraint": "",
  "stim": "-",
  "resp": "-",
  "gBounds": [
    150.0,
    243.0,
    396.0,
    258.34552001953125
  ],
  "fBounds": [
    150.0,
    255.0,
    150.0,
    255.0
  ],
  "vBounds": [
    0,
    0,
    542,
    637
  ],
  "vOffset": [
    150.0,
    243.0
  ],
  "gBase": 219.0,
  "fBase": 207.0,
  "strokes": [
    {
      "time": 1471730108049,
      "duration": 228,
      "stroke": [
        0.0,
        12.0,
        0,
        0.0,
        12.0,
        24,
        0.0,
        12.0,
        17,
        0.0,
        12.0,
        18,
        10.5703125,
        13.17449951171875,
        16,
        31.800537109375,
        15.34552001953125,
        17,
        56.181640625,
        15.0,
        17,
        87.898193359375,
        15.0,
        17,
        114.816162109375,
        12.656005859375,
        17,
        146.214111328125,
        10.65240478515625,
        17,
        172.782470703125,
        8.65838623046875,
        17,
        200.482177734375,
        6.65521240234375,
        17,
        225.4384765625,
        3.317138671875,
        17,
        246.0,
        0.0,
        17,
        246.0,
        0.0,
        0
      ]
    }
  ]
}