{
  "type": "glyphdata",
  "tutorid": "no_tutor",
  "tag": "no_tag",
  "version": "1.0.0",
  "time": "Aug 20, 2016 9:56:35 PM",
  "duration": 847,
  "recognizer": "SHAPEREC_ALPHANUM",
  "constraint": "",
  "stim": "I",
  "resp": "I",
  "gBounds": [
    193.0,
    13.0,
    342.0,
    475.0
  ],
  "fBounds": [
    269.0,
    16.0,
    269.0,
    16.0
  ],
  "vBounds": [
    0,
    0,
    542,
    637
  ],
  "vOffset": [
    193.0,
    13.0
  ],
  "gBase": 449.0,
  "fBase": 446.0,
  "strokes": [
    {
      "time": 1471729941109,
      "duration": 491,
      "stroke": [
        76.0,
        3.0,
        0,
        76.0,
        3.0,
        84,
        74.544921875,
        15.184814453125,
        17,
        73.0,
        28.74017333984375,
        17,
        73.0,
        39.73699951171875,
        17,
        73.45556640625,
        54.64434814453125,
        17,
        74.0,
        72.6241455078125,
        16,
        76.365234375,
        95.38250732421875,
        17,
        80.727783203125,
        126.821533203125,
        17,
        83.364501953125,
        158.197021484375,
        17,
        85.36328125,
        189.44866943359375,
        17,
        86.0,
        223.263671875,
        17,
        84.63720703125,
        260.2564697265625,
        17,
        82.637451171875,
        293.16241455078125,
        17,
        85.3603515625,
        322.044921875,
        17,
        88.73291015625,
        350.13006591796875,
        17,
        91.360595703125,
        373.9659423828125,
        17,
        91.0,
        393.57958984375,
        17,
        91.0,
        412.27001953125,
        17,
        91.0,
        426.5096435546875,
        17,
        89.63623046875,
        436.8193359375,
        17,
        90.0,
        443.1033935546875,
        17,
        90.0,
        445.0,
        17,
        92.36474609375,
        440.270751953125,
        33,
        93.0,
        430.0,
        17,
        93.0,
        430.0,
        1
      ]
    },
    {
      "time": 940,
      "duration": 178,
      "stroke": [
        0.0,
        4.0,
        0,
        0.0,
        4.0,
        25,
        16.677978515625,
        2.61016845703125,
        34,
        32.0908203125,
        0.6136474609375,
        17,
        46.73046875,
        0.0,
        17,
        62.05615234375,
        0.0,
        17,
        79.078369140625,
        2.38482666015625,
        17,
        92.692138671875,
        4.38458251953125,
        17,
        110.472900390625,
        6.3858642578125,
        17,
        124.0,
        6.0,
        16,
        124.0,
        6.0,
        1
      ]
    },
    {
      "time": 1559,
      "duration": 178,
      "stroke": [
        29.0,
        449.0,
        0,
        29.0,
        449.0,
        34,
        29.0,
        449.0,
        17,
        29.0,
        449.0,
        17,
        41.426513671875,
        457.0120849609375,
        17,
        68.65283203125,
        462.0,
        17,
        94.22607421875,
        460.1959228515625,
        17,
        118.0244140625,
        455.195068359375,
        17,
        134.822265625,
        451.193603515625,
        16,
        146.617431640625,
        447.5955810546875,
        17,
        149.0,
        447.0,
        8,
        149.0,
        447.0,
        1
      ]
    }
  ]
}