{
  "type": "glyphdata",
  "tutorid": "no_tutor",
  "tag": "no_tag",
  "version": "1.0.0",
  "time": "Aug 20, 2016 9:55:53 PM",
  "duration": 149,
  "recognizer": "SHAPEREC_ALPHANUM",
  "constraint": "",
  "stim": ":",
  "resp": ":",
  "gBounds": [
    274.0,
    220.0,
    284.0,
    395.0
  ],
  "fBounds": [
    284.0,
    220.0,
    284.0,
    220.0
  ],
  "vBounds": [
    0,
    0,
    542,
    637
  ],
  "vOffset": [
    274.0,
    220.0
  ],
  "gBase": 242.0,
  "fBase": 242.0,
  "strokes": [
    {
      "time": 1471730144919,
      "duration": 82,
      "stroke": [
        10.0,
        0.0,
        0,
        10.0,
        0.0,
        48,
        10.0,
        0.0,
        17,
        10.0,
        2.0,
        16,
        10.0,
        2.0,
        1
      ]
    },
    {
      "time": 464,
      "duration": 67,
      "stroke": [
        0.0,
        175.0,
        0,
        0.0,
        175.0,
        25,
        0.0,
        175.0,
        17,
        0.0,
        175.0,
        17,
        0.0,
        175.0,
        8,
        0.0,
        175.0,
        0
      ]
    }
  ]
}