{
  "type": "glyphdata",
  "tutorid": "no_tutor",
  "tag": "no_tag",
  "version": "1.0.0",
  "time": "Aug 20, 2016 9:55:54 PM",
  "duration": 414,
  "recognizer": "SHAPEREC_ALPHANUM",
  "constraint": "",
  "stim": ";",
  "resp": ";",
  "gBounds": [
    206.0,
    253.0,
    297.37646484375,
    518.369873046875
  ],
  "fBounds": [
    294.0,
    253.0,
    294.0,
    253.0
  ],
  "vBounds": [
    0,
    0,
    542,
    637
  ],
  "vOffset": [
    206.0,
    253.0
  ],
  "gBase": 209.0,
  "fBase": 209.0,
  "strokes": [
    {
      "time": 1471730140838,
      "duration": 76,
      "stroke": [
        88.0,
        0.0,
        0,
        88.0,
        0.0,
        40,
        88.0,
        0.0,
        17,
        88.0,
        0.0,
        19,
        88.0,
        0.0,
        0
      ]
    },
    {
      "time": 611,
      "duration": 338,
      "stroke": [
        68.0,
        124.0,
        0,
        68.0,
        124.0,
        25,
        68.0,
        124.0,
        17,
        68.0,
        124.0,
        17,
        68.0,
        124.0,
        17,
        68.0,
        124.0,
        17,
        80.41845703125,
        128.1395263671875,
        17,
        86.123046875,
        131.74871826171875,
        16,
        89.762939453125,
        138.14453125,
        17,
        91.37646484375,
        146.5062255859375,
        17,
        89.623046875,
        162.0152587890625,
        17,
        83.87353515625,
        182.7547607421875,
        17,
        76.509033203125,
        202.727294921875,
        17,
        62.39599609375,
        226.0921630859375,
        17,
        49.7607421875,
        240.6124267578125,
        17,
        40.1396484375,
        250.8604736328125,
        17,
        31.134765625,
        256.119140625,
        17,
        21.142822265625,
        260.742919921875,
        17,
        11.133056640625,
        263.3734130859375,
        17,
        2.5206298828125,
        265.369873046875,
        17,
        0.0,
        265.0,
        8,
        0.0,
        265.0,
        0
      ]
    }
  ]
}