{
  "type": "glyphdata",
  "tutorid": "no_tutor",
  "tag": "no_tag",
  "version": "1.0.0",
  "time": "Aug 20, 2016 9:55:54 PM",
  "duration": 268,
  "recognizer": "SHAPEREC_ALPHANUM",
  "constraint": "",
  "stim": ",",
  "resp": ",",
  "gBounds": [
    222.0,
    406.0,
    299.0,
    532.0
  ],
  "fBounds": [
    299.0,
    406.0,
    299.0,
    406.0
  ],
  "vBounds": [
    0,
    0,
    542,
    637
  ],
  "vOffset": [
    222.0,
    406.0
  ],
  "gBase": 56.0,
  "fBase": 56.0,
  "strokes": [
    {
      "time": 1471730138883,
      "duration": 268,
      "stroke": [
        77.0,
        0.0,
        0,
        77.0,
        0.0,
        31,
        77.0,
        0.0,
        17,
        77.0,
        0.0,
        17,
        75.81787109375,
        10.6395263671875,
        17,
        73.629638671875,
        25.2218017578125,
        17,
        71.6304931640625,
        37.2174072265625,
        17,
        68.2608642578125,
        48.217529296875,
        17,
        62.890869140625,
        66.3272705078125,
        17,
        55.5377197265625,
        79.1934814453125,
        17,
        46.1724853515625,
        91.1929931640625,
        17,
        34.80908203125,
        104.55615234375,
        17,
        25.15576171875,
        113.84423828125,
        16,
        14.15380859375,
        121.107666015625,
        17,
        5.556396484375,
        125.7218017578125,
        17,
        0.0,
        126.0,
        17,
        0.0,
        126.0,
        0
      ]
    }
  ]
}