{
  "type": "glyphdata",
  "tutorid": "no_tutor",
  "tag": "no_tag",
  "version": "1.0.0",
  "time": "Aug 20, 2016 9:56:01 PM",
  "duration": 661,
  "recognizer": "SHAPEREC_ALPHANUM",
  "constraint": "",
  "stim": "=",
  "resp": "=",
  "gBounds": [
    139.0,
    173.0,
    445.0,
    309.0
  ],
  "fBounds": [
    145.0,
    173.0,
    145.0,
    173.0
  ],
  "vBounds": [
    0,
    0,
    542,
    637
  ],
  "vOffset": [
    139.0,
    173.0
  ],
  "gBase": 289.0,
  "fBase": 289.0,
  "strokes": [
    {
      "time": 1471730125689,
      "duration": 322,
      "stroke": [
        6.0,
        0.0,
        0,
        6.0,
        0.0,
        34,
        6.0,
        0.0,
        17,
        6.0,
        0.0,
        50,
        6.0,
        0.0,
        17,
        24.940704345703125,
        7.102783203125,
        17,
        42.25518798828125,
        10.723388671875,
        17,
        61.641754150390625,
        14.72833251953125,
        17,
        89.017333984375,
        17.71673583984375,
        17,
        115.03985595703125,
        19.3599853515625,
        17,
        144.08612060546875,
        20.0,
        17,
        178.5067138671875,
        20.0,
        17,
        209.76239013671875,
        18.63983154296875,
        17,
        240.39862060546875,
        18.0,
        17,
        261.956298828125,
        17.0,
        17,
        277.50213623046875,
        17.0,
        17,
        285.0,
        17.0,
        17,
        285.0,
        17.0,
        0
      ]
    },
    {
      "time": 687,
      "duration": 339,
      "stroke": [
        0.0,
        126.0,
        0,
        0.0,
        126.0,
        25,
        0.0,
        126.0,
        17,
        0.0,
        126.0,
        17,
        0.0,
        126.0,
        17,
        0.0,
        126.0,
        34,
        31.2113037109375,
        134.11669921875,
        34,
        55.770355224609375,
        135.366943359375,
        16,
        91.2584228515625,
        136.0,
        17,
        126.9254150390625,
        133.635498046875,
        17,
        158.86993408203125,
        134.0,
        17,
        194.8577880859375,
        132.6339111328125,
        17,
        230.94146728515625,
        133.0,
        17,
        255.73944091796875,
        133.0,
        17,
        278.3349609375,
        131.63873291015625,
        17,
        292.5206298828125,
        132.0,
        17,
        301.45037841796875,
        132.0,
        17,
        305.72552490234375,
        132.0,
        17,
        306.0,
        132.0,
        8,
        306.0,
        132.0,
        1
      ]
    }
  ]
}